{
  "Total" : {
    "transaction" : "Total",
    "sampleCount" : 100,
    "errorCount" : 0,
    "errorPct" : 0.0,
    "meanResTime" : 87.51999999999995,
    "medianResTime" : 78.0,
    "minResTime" : 33.0,
    "maxResTime" : 212.0,
    "pct1ResTime" : 154.40000000000003,
    "pct2ResTime" : 170.0,
    "pct3ResTime" : 211.76999999999987,
    "throughput" : 47.23665564478035,
    "receivedKBytesPerSec" : 1341.2626948512045,
    "sentKBytesPerSec" : 7.657504723665564
  },
  "HTTP Request" : {
    "transaction" : "HTTP Request",
    "sampleCount" : 100,
    "errorCount" : 0,
    "errorPct" : 0.0,
    "meanResTime" : 87.51999999999995,
    "medianResTime" : 78.0,
    "minResTime" : 33.0,
    "maxResTime" : 212.0,
    "pct1ResTime" : 154.40000000000003,
    "pct2ResTime" : 170.0,
    "pct3ResTime" : 211.76999999999987,
    "throughput" : 47.23665564478035,
    "receivedKBytesPerSec" : 1341.2626948512045,
    "sentKBytesPerSec" : 7.657504723665564
  }
}