{
  "Total" : {
    "transaction" : "Total",
    "sampleCount" : 100000,
    "errorCount" : 0,
    "errorPct" : 0.0,
    "meanResTime" : 371.0414699999992,
    "medianResTime" : 65.0,
    "minResTime" : 1.0,
    "maxResTime" : 4805.0,
    "pct1ResTime" : 2130.0,
    "pct2ResTime" : 2561.0,
    "pct3ResTime" : 3244.9900000000016,
    "throughput" : 279.5638803466592,
    "receivedKBytesPerSec" : 1180.6001177226028,
    "sentKBytesPerSec" : 45.31992591557171
  },
  "HTTP Request" : {
    "transaction" : "HTTP Request",
    "sampleCount" : 100000,
    "errorCount" : 0,
    "errorPct" : 0.0,
    "meanResTime" : 371.0414699999992,
    "medianResTime" : 65.0,
    "minResTime" : 1.0,
    "maxResTime" : 4805.0,
    "pct1ResTime" : 2130.0,
    "pct2ResTime" : 2561.0,
    "pct3ResTime" : 3244.9900000000016,
    "throughput" : 279.5638803466592,
    "receivedKBytesPerSec" : 1180.6001177226028,
    "sentKBytesPerSec" : 45.31992591557171
  }
}