{
  "Total" : {
    "transaction" : "Total",
    "sampleCount" : 100,
    "errorCount" : 0,
    "errorPct" : 0.0,
    "meanResTime" : 102.21,
    "medianResTime" : 94.0,
    "minResTime" : 39.0,
    "maxResTime" : 254.0,
    "pct1ResTime" : 191.90000000000023,
    "pct2ResTime" : 229.84999999999997,
    "pct3ResTime" : 253.96999999999997,
    "throughput" : 43.38394793926247,
    "receivedKBytesPerSec" : 1236.4001491323208,
    "sentKBytesPerSec" : 7.032944685466377
  },
  "HTTP Request" : {
    "transaction" : "HTTP Request",
    "sampleCount" : 100,
    "errorCount" : 0,
    "errorPct" : 0.0,
    "meanResTime" : 102.21,
    "medianResTime" : 94.0,
    "minResTime" : 39.0,
    "maxResTime" : 254.0,
    "pct1ResTime" : 191.90000000000023,
    "pct2ResTime" : 229.84999999999997,
    "pct3ResTime" : 253.96999999999997,
    "throughput" : 43.38394793926247,
    "receivedKBytesPerSec" : 1236.4001491323208,
    "sentKBytesPerSec" : 7.032944685466377
  }
}