{
  "Total" : {
    "transaction" : "Total",
    "sampleCount" : 5000000,
    "errorCount" : 0,
    "errorPct" : 0.0,
    "meanResTime" : 2712.8612549999875,
    "medianResTime" : 2079.0,
    "minResTime" : 1.0,
    "maxResTime" : 5815.0,
    "pct1ResTime" : 2964.0,
    "pct2ResTime" : 3068.0,
    "pct3ResTime" : 3323.0,
    "throughput" : 2062.9922299460654,
    "receivedKBytesPerSec" : 58577.69734171073,
    "sentKBytesPerSec" : 334.4303810264129
  },
  "HTTP Request" : {
    "transaction" : "HTTP Request",
    "sampleCount" : 5000000,
    "errorCount" : 0,
    "errorPct" : 0.0,
    "meanResTime" : 2712.8612549999875,
    "medianResTime" : 2079.0,
    "minResTime" : 1.0,
    "maxResTime" : 5815.0,
    "pct1ResTime" : 2964.0,
    "pct2ResTime" : 3068.0,
    "pct3ResTime" : 3323.0,
    "throughput" : 2062.9922299460654,
    "receivedKBytesPerSec" : 58577.69734171073,
    "sentKBytesPerSec" : 334.4303810264129
  }
}