{
  "Total" : {
    "transaction" : "Total",
    "sampleCount" : 10000,
    "errorCount" : 0,
    "errorPct" : 0.0,
    "meanResTime" : 6.962899999999982,
    "medianResTime" : 7.0,
    "minResTime" : 6.0,
    "maxResTime" : 29.0,
    "pct1ResTime" : 8.0,
    "pct2ResTime" : 8.0,
    "pct3ResTime" : 20.0,
    "throughput" : 91.75995595522114,
    "receivedKBytesPerSec" : 2615.069135391815,
    "sentKBytesPerSec" : 14.875149109928426
  },
  "HTTP Request" : {
    "transaction" : "HTTP Request",
    "sampleCount" : 10000,
    "errorCount" : 0,
    "errorPct" : 0.0,
    "meanResTime" : 6.962899999999982,
    "medianResTime" : 7.0,
    "minResTime" : 6.0,
    "maxResTime" : 29.0,
    "pct1ResTime" : 8.0,
    "pct2ResTime" : 8.0,
    "pct3ResTime" : 20.0,
    "throughput" : 91.75995595522114,
    "receivedKBytesPerSec" : 2615.069135391815,
    "sentKBytesPerSec" : 14.875149109928426
  }
}