{
  "Total" : {
    "transaction" : "Total",
    "sampleCount" : 2500000,
    "errorCount" : 0,
    "errorPct" : 0.0,
    "meanResTime" : 9.690354000000523,
    "medianResTime" : 1.0,
    "minResTime" : 0.0,
    "maxResTime" : 2034.0,
    "pct1ResTime" : 2.0,
    "pct2ResTime" : 3.0,
    "pct3ResTime" : 6.0,
    "throughput" : 2495.8543858650783,
    "receivedKBytesPerSec" : 71063.60397879123,
    "sentKBytesPerSec" : 404.6013945835967
  },
  "HTTP Request" : {
    "transaction" : "HTTP Request",
    "sampleCount" : 2500000,
    "errorCount" : 0,
    "errorPct" : 0.0,
    "meanResTime" : 9.690354000000523,
    "medianResTime" : 1.0,
    "minResTime" : 0.0,
    "maxResTime" : 2034.0,
    "pct1ResTime" : 2.0,
    "pct2ResTime" : 3.0,
    "pct3ResTime" : 6.0,
    "throughput" : 2495.8543858650783,
    "receivedKBytesPerSec" : 71063.60397879123,
    "sentKBytesPerSec" : 404.6013945835967
  }
}