{
  "Total" : {
    "transaction" : "Total",
    "sampleCount" : 100000,
    "errorCount" : 0,
    "errorPct" : 0.0,
    "meanResTime" : 2.635400000000022,
    "medianResTime" : 3.0,
    "minResTime" : 1.0,
    "maxResTime" : 43.0,
    "pct1ResTime" : 4.0,
    "pct2ResTime" : 4.0,
    "pct3ResTime" : 6.0,
    "throughput" : 289.9584489542649,
    "receivedKBytesPerSec" : 8233.234240033404,
    "sentKBytesPerSec" : 47.00498293594528
  },
  "HTTP Request" : {
    "transaction" : "HTTP Request",
    "sampleCount" : 100000,
    "errorCount" : 0,
    "errorPct" : 0.0,
    "meanResTime" : 2.635400000000022,
    "medianResTime" : 3.0,
    "minResTime" : 1.0,
    "maxResTime" : 43.0,
    "pct1ResTime" : 4.0,
    "pct2ResTime" : 4.0,
    "pct3ResTime" : 6.0,
    "throughput" : 289.9584489542649,
    "receivedKBytesPerSec" : 8233.234240033404,
    "sentKBytesPerSec" : 47.00498293594528
  }
}