{
  "Total" : {
    "transaction" : "Total",
    "sampleCount" : 2000000,
    "errorCount" : 0,
    "errorPct" : 0.0,
    "meanResTime" : 4.40316599999971,
    "medianResTime" : 2.0,
    "minResTime" : 1.0,
    "maxResTime" : 236.0,
    "pct1ResTime" : 3.0,
    "pct2ResTime" : 3.0,
    "pct3ResTime" : 4.990000000001601,
    "throughput" : 1999.484133093662,
    "receivedKBytesPerSec" : 56774.41470100714,
    "sentKBytesPerSec" : 324.1351231382303
  },
  "HTTP Request" : {
    "transaction" : "HTTP Request",
    "sampleCount" : 2000000,
    "errorCount" : 0,
    "errorPct" : 0.0,
    "meanResTime" : 4.40316599999971,
    "medianResTime" : 2.0,
    "minResTime" : 1.0,
    "maxResTime" : 236.0,
    "pct1ResTime" : 3.0,
    "pct2ResTime" : 3.0,
    "pct3ResTime" : 4.990000000001601,
    "throughput" : 1999.484133093662,
    "receivedKBytesPerSec" : 56774.41470100714,
    "sentKBytesPerSec" : 324.1351231382303
  }
}