{
  "Total" : {
    "transaction" : "Total",
    "sampleCount" : 1000,
    "errorCount" : 0,
    "errorPct" : 0.0,
    "meanResTime" : 1101.2210000000007,
    "medianResTime" : 1178.5,
    "minResTime" : 2.0,
    "maxResTime" : 2707.0,
    "pct1ResTime" : 1840.8,
    "pct2ResTime" : 2027.249999999999,
    "pct3ResTime" : 2239.9300000000003,
    "throughput" : 58.541154431565396,
    "receivedKBytesPerSec" : 1529.8749689000117,
    "sentKBytesPerSec" : 9.490069956679545
  },
  "HTTP Request" : {
    "transaction" : "HTTP Request",
    "sampleCount" : 1000,
    "errorCount" : 0,
    "errorPct" : 0.0,
    "meanResTime" : 1101.2210000000007,
    "medianResTime" : 1178.5,
    "minResTime" : 2.0,
    "maxResTime" : 2707.0,
    "pct1ResTime" : 1840.8,
    "pct2ResTime" : 2027.249999999999,
    "pct3ResTime" : 2239.9300000000003,
    "throughput" : 58.541154431565396,
    "receivedKBytesPerSec" : 1529.8749689000117,
    "sentKBytesPerSec" : 9.490069956679545
  }
}