{
  "Total" : {
    "transaction" : "Total",
    "sampleCount" : 1000,
    "errorCount" : 0,
    "errorPct" : 0.0,
    "meanResTime" : 7.331000000000003,
    "medianResTime" : 7.0,
    "minResTime" : 6.0,
    "maxResTime" : 25.0,
    "pct1ResTime" : 8.0,
    "pct2ResTime" : 8.0,
    "pct3ResTime" : 10.990000000000009,
    "throughput" : 170.03910899506886,
    "receivedKBytesPerSec" : 4845.948552542084,
    "sentKBytesPerSec" : 27.56493368474749
  },
  "HTTP Request" : {
    "transaction" : "HTTP Request",
    "sampleCount" : 1000,
    "errorCount" : 0,
    "errorPct" : 0.0,
    "meanResTime" : 7.331000000000003,
    "medianResTime" : 7.0,
    "minResTime" : 6.0,
    "maxResTime" : 25.0,
    "pct1ResTime" : 8.0,
    "pct2ResTime" : 8.0,
    "pct3ResTime" : 10.990000000000009,
    "throughput" : 170.03910899506886,
    "receivedKBytesPerSec" : 4845.948552542084,
    "sentKBytesPerSec" : 27.56493368474749
  }
}