{
  "Total" : {
    "transaction" : "Total",
    "sampleCount" : 1000,
    "errorCount" : 0,
    "errorPct" : 0.0,
    "meanResTime" : 2.3739999999999988,
    "medianResTime" : 2.0,
    "minResTime" : 1.0,
    "maxResTime" : 19.0,
    "pct1ResTime" : 3.0,
    "pct2ResTime" : 4.0,
    "pct3ResTime" : 10.0,
    "throughput" : 170.50298380221653,
    "receivedKBytesPerSec" : 4841.352301790281,
    "sentKBytesPerSec" : 27.640132139812447
  },
  "HTTP Request" : {
    "transaction" : "HTTP Request",
    "sampleCount" : 1000,
    "errorCount" : 0,
    "errorPct" : 0.0,
    "meanResTime" : 2.3739999999999988,
    "medianResTime" : 2.0,
    "minResTime" : 1.0,
    "maxResTime" : 19.0,
    "pct1ResTime" : 3.0,
    "pct2ResTime" : 4.0,
    "pct3ResTime" : 10.0,
    "throughput" : 170.50298380221653,
    "receivedKBytesPerSec" : 4841.352301790281,
    "sentKBytesPerSec" : 27.640132139812447
  }
}