{
  "Total" : {
    "transaction" : "Total",
    "sampleCount" : 1000,
    "errorCount" : 0,
    "errorPct" : 0.0,
    "meanResTime" : 1081.7970000000025,
    "medianResTime" : 1209.5,
    "minResTime" : 33.0,
    "maxResTime" : 2812.0,
    "pct1ResTime" : 1496.0,
    "pct2ResTime" : 1551.7499999999995,
    "pct3ResTime" : 2146.3400000000024,
    "throughput" : 58.22077317186773,
    "receivedKBytesPerSec" : 1653.1515632277599,
    "sentKBytesPerSec" : 9.438133150908245
  },
  "HTTP Request" : {
    "transaction" : "HTTP Request",
    "sampleCount" : 1000,
    "errorCount" : 0,
    "errorPct" : 0.0,
    "meanResTime" : 1081.7970000000025,
    "medianResTime" : 1209.5,
    "minResTime" : 33.0,
    "maxResTime" : 2812.0,
    "pct1ResTime" : 1496.0,
    "pct2ResTime" : 1551.7499999999995,
    "pct3ResTime" : 2146.3400000000024,
    "throughput" : 58.22077317186773,
    "receivedKBytesPerSec" : 1653.1515632277599,
    "sentKBytesPerSec" : 9.438133150908245
  }
}